{
  "n_layers": 2,
  "width_l1": 512,
  "width_l2": 64,
  "activation": "gelu",
  "dropout": 0.047026319780203385,
  "lr": 0.0024962358645294596,
  "weight_decay": 5.487884428874365e-07,
  "batch_size": 64,
  "optimizer": "adam",
  "max_epochs": 221
}