{
  "n_layers": 3,
  "width_l1": 192,
  "width_l2": 128,
  "width_l3": 128,
  "activation": "relu",
  "dropout": 0.0541333655155206,
  "lr": 0.0010982392899715648,
  "weight_decay": 3.8401620565224376e-07,
  "batch_size": 64,
  "optimizer": "adam",
  "max_epochs": 157
}