{
  "val_mse": 8.455700642192218e-06,
  "test_mse": 2.0324373749648086e-05,
  "trial_number": 49
}