{
  "n_layers": 3,
  "width_l1": 96,
  "width_l2": 384,
  "width_l3": 128,
  "activation": "relu",
  "dropout": 0.26788734203737924,
  "lr": 1.673627134612419e-05,
  "weight_decay": 0.0010275784161907387,
  "batch_size": 512,
  "optimizer": "adam",
  "max_epochs": 167
}