{
  "n_layers": 4,
  "width_l1": 64,
  "width_l2": 192,
  "width_l3": 192,
  "width_l4": 64,
  "activation": "relu",
  "dropout": 0.1554911608578311,
  "lr": 6.390259853593123e-05,
  "weight_decay": 0.00023858166771428845,
  "batch_size": 128,
  "optimizer": "adamw",
  "max_epochs": 175
}