{
  "n_layers": 4,
  "width_l1": 192,
  "width_l2": 384,
  "width_l3": 384,
  "width_l4": 192,
  "activation": "gelu",
  "dropout": 0.05701754588446239,
  "lr": 0.0008784326862261809,
  "weight_decay": 1.5528418818105578e-07,
  "batch_size": 64,
  "optimizer": "adam",
  "max_epochs": 231
}