{
  "n_layers": 1,
  "width_l1": 256,
  "activation": "gelu",
  "dropout": 0.3299920230170895,
  "lr": 0.0010576902036995882,
  "weight_decay": 2.14390170468164e-05,
  "batch_size": 512,
  "optimizer": "adam",
  "max_epochs": 137
}