{
  "n_layers": 2,
  "width_l1": 192,
  "width_l2": 128,
  "activation": "silu",
  "dropout": 0.15965681879520743,
  "lr": 0.0022564135127852,
  "weight_decay": 0.005054088956519247,
  "batch_size": 128,
  "optimizer": "adamw",
  "max_epochs": 208
}