{
  "n_layers": 4,
  "width_l1": 384,
  "width_l2": 192,
  "width_l3": 512,
  "width_l4": 384,
  "activation": "relu",
  "dropout": 0.17509473718222185,
  "lr": 0.0006065718969652103,
  "weight_decay": 7.082461343776925e-08,
  "batch_size": 256,
  "optimizer": "adam",
  "max_epochs": 176
}