{
  "val_mse": 5.923062799719431e-05,
  "test_mse": 4.214022774249315e-05,
  "trial_number": 57
}