{
  "n_layers": 3,
  "width_l1": 192,
  "width_l2": 64,
  "width_l3": 96,
  "activation": "gelu",
  "dropout": 0.0357751751540505,
  "lr": 0.002295476569774029,
  "weight_decay": 1.6234113691658224e-06,
  "batch_size": 64,
  "optimizer": "adam",
  "max_epochs": 226
}