{
  "n_layers": 1,
  "width_l1": 96,
  "activation": "relu",
  "dropout": 0.3521304855591677,
  "lr": 0.0005563310944424023,
  "weight_decay": 2.0547199328558857e-07,
  "batch_size": 64,
  "optimizer": "adam",
  "max_epochs": 195
}