{
  "n_layers": 3,
  "width_l1": 192,
  "width_l2": 192,
  "width_l3": 512,
  "activation": "relu",
  "dropout": 0.04259311597397668,
  "lr": 0.001755117254833133,
  "weight_decay": 1.4754231780926452e-06,
  "batch_size": 64,
  "optimizer": "adamw",
  "max_epochs": 82
}