{
  "n_layers": 3,
  "width_l1": 128,
  "width_l2": 384,
  "width_l3": 128,
  "activation": "relu",
  "dropout": 0.093803564866946,
  "lr": 0.0004132775071430166,
  "weight_decay": 1.2770005437638155e-07,
  "batch_size": 64,
  "optimizer": "adamw",
  "max_epochs": 243
}