{
  "n_layers": 3,
  "width_l1": 128,
  "width_l2": 64,
  "width_l3": 128,
  "activation": "relu",
  "dropout": 0.010005591880578653,
  "lr": 0.00038454306583606077,
  "weight_decay": 1.0073364481123236e-08,
  "batch_size": 64,
  "optimizer": "adam",
  "max_epochs": 124
}