{
  "n_layers": 1,
  "width_l1": 512,
  "activation": "gelu",
  "dropout": 0.012706320769401373,
  "lr": 0.0024113456521507423,
  "weight_decay": 0.00012734577708550446,
  "batch_size": 128,
  "optimizer": "adamw",
  "max_epochs": 167
}