{
  "n_layers": 1,
  "width_l1": 512,
  "activation": "gelu",
  "dropout": 0.10815580728807075,
  "lr": 0.0024259328023214497,
  "weight_decay": 6.771846902062542e-06,
  "batch_size": 64,
  "optimizer": "adam",
  "max_epochs": 231
}