{
  "n_layers": 1,
  "width_l1": 384,
  "activation": "silu",
  "dropout": 0.11004776477043404,
  "lr": 0.0022050847026703593,
  "weight_decay": 0.000676792787080488,
  "batch_size": 128,
  "optimizer": "adamw",
  "max_epochs": 244
}