{
  "val_mse": 7.896163339182749e-06,
  "test_mse": 2.3348421481358225e-05,
  "trial_number": 29
}