{
  "n_layers": 4,
  "width_l1": 96,
  "width_l2": 192,
  "width_l3": 512,
  "width_l4": 384,
  "activation": "relu",
  "dropout": 0.0045164335099609765,
  "lr": 0.0023789356208520295,
  "weight_decay": 4.1481852258382536e-08,
  "batch_size": 64,
  "optimizer": "adam",
  "max_epochs": 168
}