{
  "n_layers": 4,
  "width_l1": 96,
  "width_l2": 384,
  "width_l3": 128,
  "width_l4": 192,
  "activation": "relu",
  "dropout": 0.10852389312172447,
  "lr": 0.0014424504860430553,
  "weight_decay": 2.369042805360499e-08,
  "batch_size": 256,
  "optimizer": "adamw",
  "max_epochs": 218
}