{
  "n_layers": 2,
  "width_l1": 512,
  "width_l2": 96,
  "activation": "gelu",
  "dropout": 0.25332044272743137,
  "lr": 0.00042281855952601237,
  "weight_decay": 5.2250982993552795e-06,
  "batch_size": 64,
  "optimizer": "adam",
  "max_epochs": 248
}