{
  "n_layers": 1,
  "width_l1": 384,
  "activation": "relu",
  "dropout": 0.4276541032664108,
  "lr": 0.0017134984958484818,
  "weight_decay": 9.984334059894048e-07,
  "batch_size": 64,
  "optimizer": "adam",
  "max_epochs": 126
}