{
  "n_layers": 4,
  "width_l1": 64,
  "width_l2": 512,
  "width_l3": 384,
  "width_l4": 64,
  "activation": "gelu",
  "dropout": 0.03205343693328462,
  "lr": 0.0005253675762663736,
  "weight_decay": 1.1573583496499484e-06,
  "batch_size": 128,
  "optimizer": "adamw",
  "max_epochs": 240
}