{
  "n_layers": 1,
  "width_l1": 512,
  "activation": "gelu",
  "dropout": 0.012032161043447509,
  "lr": 0.0023255970635084056,
  "weight_decay": 6.576355661962362e-05,
  "batch_size": 64,
  "optimizer": "adam",
  "max_epochs": 169
}