{
  "n_layers": 4,
  "width_l1": 64,
  "width_l2": 512,
  "width_l3": 192,
  "width_l4": 64,
  "activation": "relu",
  "dropout": 0.12204463202991442,
  "lr": 0.00016867308274551797,
  "weight_decay": 0.00013353799117876255,
  "batch_size": 128,
  "optimizer": "adamw",
  "max_epochs": 218
}