{
  "n_layers": 4,
  "width_l1": 192,
  "width_l2": 192,
  "width_l3": 512,
  "width_l4": 384,
  "activation": "relu",
  "dropout": 0.010708274533404873,
  "lr": 0.0014146191688121604,
  "weight_decay": 5.429881872822156e-07,
  "batch_size": 64,
  "optimizer": "adamw",
  "max_epochs": 108
}