{
  "n_layers": 3,
  "width_l1": 192,
  "width_l2": 384,
  "width_l3": 512,
  "activation": "relu",
  "dropout": 0.20819882293952527,
  "lr": 0.0016960807227834978,
  "weight_decay": 8.594166481903275e-07,
  "batch_size": 64,
  "optimizer": "adamw",
  "max_epochs": 249
}