{
  "n_layers": 2,
  "width_l1": 512,
  "width_l2": 256,
  "activation": "silu",
  "dropout": 0.14057161246539154,
  "lr": 0.0027193920532871214,
  "weight_decay": 0.0017385150199212337,
  "batch_size": 64,
  "optimizer": "adamw",
  "max_epochs": 206
}