{
  "n_layers": 3,
  "width_l1": 64,
  "width_l2": 384,
  "width_l3": 128,
  "activation": "relu",
  "dropout": 0.053711721919814576,
  "lr": 0.0003489655872537012,
  "weight_decay": 1.1168089697148238e-07,
  "batch_size": 64,
  "optimizer": "adamw",
  "max_epochs": 160
}