{
  "n_layers": 1,
  "width_l1": 384,
  "activation": "relu",
  "dropout": 0.2852416973637426,
  "lr": 0.0002018562691074957,
  "weight_decay": 4.412241758371537e-08,
  "batch_size": 64,
  "optimizer": "adamw",
  "max_epochs": 120
}