{
  "n_layers": 4,
  "width_l1": 64,
  "width_l2": 192,
  "width_l3": 512,
  "width_l4": 384,
  "activation": "relu",
  "dropout": 0.039057839030891904,
  "lr": 0.0022908455915055348,
  "weight_decay": 7.412929125974802e-07,
  "batch_size": 64,
  "optimizer": "adamw",
  "max_epochs": 128
}