{
  "n_layers": 4,
  "width_l1": 512,
  "width_l2": 384,
  "width_l3": 64,
  "width_l4": 192,
  "activation": "relu",
  "dropout": 0.22780700395202952,
  "lr": 0.0018463150887026568,
  "weight_decay": 1.3033054812162712e-08,
  "batch_size": 64,
  "optimizer": "adamw",
  "max_epochs": 165
}