{
  "n_layers": 4,
  "width_l1": 64,
  "width_l2": 256,
  "width_l3": 384,
  "width_l4": 128,
  "activation": "gelu",
  "dropout": 0.26182238754160464,
  "lr": 0.0019233016310677491,
  "weight_decay": 3.823486425101486e-06,
  "batch_size": 128,
  "optimizer": "adam",
  "max_epochs": 231
}