{
  "n_layers": 4,
  "width_l1": 384,
  "width_l2": 512,
  "width_l3": 384,
  "width_l4": 512,
  "activation": "gelu",
  "dropout": 0.11535015368006842,
  "lr": 0.0016422882567663367,
  "weight_decay": 5.522890269918851e-08,
  "batch_size": 128,
  "optimizer": "adamw",
  "max_epochs": 222
}