{
  "n_layers": 1,
  "width_l1": 96,
  "activation": "silu",
  "dropout": 0.13996694847297142,
  "lr": 0.002319087217474401,
  "weight_decay": 0.0002675355506980832,
  "batch_size": 128,
  "optimizer": "adamw",
  "max_epochs": 82
}