{
  "n_layers": 3,
  "width_l1": 512,
  "width_l2": 512,
  "width_l3": 384,
  "activation": "gelu",
  "dropout": 0.11317700827399277,
  "lr": 0.0028370208955534977,
  "weight_decay": 3.532690363448715e-07,
  "batch_size": 128,
  "optimizer": "adam",
  "max_epochs": 243
}