{
  "n_layers": 4,
  "width_l1": 256,
  "width_l2": 384,
  "width_l3": 256,
  "width_l4": 192,
  "activation": "relu",
  "dropout": 0.05241986102505822,
  "lr": 0.00016759833170205108,
  "weight_decay": 1.9509404299730443e-08,
  "batch_size": 128,
  "optimizer": "adamw",
  "max_epochs": 221
}