{
  "n_layers": 4,
  "width_l1": 128,
  "width_l2": 384,
  "width_l3": 128,
  "width_l4": 192,
  "activation": "relu",
  "dropout": 0.12763659144733552,
  "lr": 0.0008324579131012989,
  "weight_decay": 5.979260753149234e-08,
  "batch_size": 64,
  "optimizer": "adamw",
  "max_epochs": 168
}