{
  "n_layers": 1,
  "width_l1": 512,
  "activation": "relu",
  "dropout": 0.34173146758606815,
  "lr": 0.0005827057978950298,
  "weight_decay": 1.6653461936159477e-06,
  "batch_size": 512,
  "optimizer": "adam",
  "max_epochs": 185
}