{
  "n_layers": 4,
  "width_l1": 192,
  "width_l2": 384,
  "width_l3": 256,
  "width_l4": 192,
  "activation": "relu",
  "dropout": 0.024990775491679953,
  "lr": 0.000609354235866249,
  "weight_decay": 5.702834393767984e-08,
  "batch_size": 256,
  "optimizer": "adam",
  "max_epochs": 196
}