{
  "n_layers": 2,
  "width_l1": 256,
  "width_l2": 96,
  "activation": "tanh",
  "dropout": 0.010980172403148573,
  "lr": 0.0026637534702614075,
  "weight_decay": 0.00021766948019197075,
  "batch_size": 64,
  "optimizer": "adamw",
  "max_epochs": 130
}