{
  "n_layers": 3,
  "width_l1": 192,
  "width_l2": 384,
  "width_l3": 128,
  "activation": "relu",
  "dropout": 0.06079190703270015,
  "lr": 0.001251797386433658,
  "weight_decay": 5.83917202401797e-08,
  "batch_size": 64,
  "optimizer": "adam",
  "max_epochs": 164
}