{
  "n_layers": 4,
  "width_l1": 192,
  "width_l2": 384,
  "width_l3": 384,
  "width_l4": 192,
  "activation": "gelu",
  "dropout": 0.04603439201019565,
  "lr": 0.0014712441559502614,
  "weight_decay": 8.078272530569277e-06,
  "batch_size": 64,
  "optimizer": "adam",
  "max_epochs": 183
}