{
  "n_layers": 2,
  "width_l1": 512,
  "width_l2": 512,
  "activation": "relu",
  "dropout": 0.4607057505401154,
  "lr": 0.002534396796864877,
  "weight_decay": 5.6740406444700365e-08,
  "batch_size": 64,
  "optimizer": "adamw",
  "max_epochs": 112
}