{
  "n_layers": 3,
  "width_l1": 512,
  "width_l2": 384,
  "width_l3": 128,
  "activation": "relu",
  "dropout": 0.12764419382117642,
  "lr": 0.00016146703820854642,
  "weight_decay": 1.0691853221226533e-06,
  "batch_size": 64,
  "optimizer": "adamw",
  "max_epochs": 233
}