{
  "n_layers": 2,
  "width_l1": 512,
  "width_l2": 64,
  "activation": "silu",
  "dropout": 0.196110049049052,
  "lr": 0.0027736405939628507,
  "weight_decay": 1.0900454359364092e-08,
  "batch_size": 64,
  "optimizer": "adam",
  "max_epochs": 227
}