{
  "n_layers": 2,
  "width_l1": 128,
  "width_l2": 512,
  "activation": "relu",
  "dropout": 0.1422317119722227,
  "lr": 0.0013616002098016694,
  "weight_decay": 3.25064145812231e-07,
  "batch_size": 64,
  "optimizer": "adamw",
  "max_epochs": 152
}