{
  "val_mse": 8.239829638540674e-06,
  "test_mse": 1.149223729903934e-05,
  "trial_number": 58
}