{
  "n_layers": 2,
  "width_l1": 128,
  "width_l2": 512,
  "activation": "relu",
  "dropout": 0.04188001122571999,
  "lr": 0.000976533339165421,
  "weight_decay": 2.3494060699525925e-07,
  "batch_size": 64,
  "optimizer": "adamw",
  "max_epochs": 165
}