{
  "n_layers": 2,
  "width_l1": 256,
  "width_l2": 96,
  "activation": "gelu",
  "dropout": 0.037478836287380704,
  "lr": 0.002007542991650768,
  "weight_decay": 1.8933815265336567e-05,
  "batch_size": 64,
  "optimizer": "adam",
  "max_epochs": 103
}