{
  "n_layers": 3,
  "width_l1": 256,
  "width_l2": 128,
  "width_l3": 128,
  "activation": "relu",
  "dropout": 0.2360685578101602,
  "lr": 0.0012088585492342283,
  "weight_decay": 2.1073002886161253e-06,
  "batch_size": 64,
  "optimizer": "adam",
  "max_epochs": 121
}