{
  "n_layers": 4,
  "width_l1": 384,
  "width_l2": 192,
  "width_l3": 512,
  "width_l4": 384,
  "activation": "relu",
  "dropout": 0.04378405886498059,
  "lr": 0.0007031743574344268,
  "weight_decay": 1.442714483826226e-05,
  "batch_size": 512,
  "optimizer": "adamw",
  "max_epochs": 125
}