{
  "n_layers": 4,
  "width_l1": 192,
  "width_l2": 384,
  "width_l3": 256,
  "width_l4": 192,
  "activation": "relu",
  "dropout": 0.03427953521133802,
  "lr": 0.0007428347922522791,
  "weight_decay": 2.2902155698443757e-07,
  "batch_size": 512,
  "optimizer": "adam",
  "max_epochs": 223
}