{
  "n_layers": 2,
  "width_l1": 128,
  "width_l2": 64,
  "activation": "tanh",
  "dropout": 0.43353615929005185,
  "lr": 0.0018289742175371328,
  "weight_decay": 1.1696458740181163e-05,
  "batch_size": 128,
  "optimizer": "adamw",
  "max_epochs": 137
}