{
  "n_layers": 1,
  "width_l1": 512,
  "activation": "relu",
  "dropout": 0.030416598855053156,
  "lr": 0.0018890096154582253,
  "weight_decay": 0.0016335881943154646,
  "batch_size": 64,
  "optimizer": "adam",
  "max_epochs": 177
}