{
  "n_layers": 2,
  "width_l1": 128,
  "width_l2": 256,
  "activation": "silu",
  "dropout": 0.1519769330734731,
  "lr": 0.0026719206310586254,
  "weight_decay": 0.00031454577291088,
  "batch_size": 64,
  "optimizer": "adamw",
  "max_epochs": 210
}