{
  "n_layers": 4,
  "width_l1": 128,
  "width_l2": 192,
  "width_l3": 192,
  "width_l4": 256,
  "activation": "gelu",
  "dropout": 0.20858289207287867,
  "lr": 0.0019043837846684022,
  "weight_decay": 9.755634003024516e-06,
  "batch_size": 64,
  "optimizer": "adamw",
  "max_epochs": 210
}