{
  "n_layers": 2,
  "width_l1": 96,
  "width_l2": 384,
  "activation": "silu",
  "dropout": 0.3347108715372744,
  "lr": 0.0007947689742241544,
  "weight_decay": 0.00017729323801156152,
  "batch_size": 256,
  "optimizer": "adamw",
  "max_epochs": 99
}