{
  "n_layers": 1,
  "width_l1": 384,
  "activation": "relu",
  "dropout": 0.29970330564003567,
  "lr": 0.0014950779578595836,
  "weight_decay": 4.650661599143361e-05,
  "batch_size": 64,
  "optimizer": "adam",
  "max_epochs": 81
}