{
  "n_layers": 1,
  "width_l1": 384,
  "activation": "relu",
  "dropout": 0.4489186911442488,
  "lr": 0.0019866022467364478,
  "weight_decay": 2.5630881884106556e-06,
  "batch_size": 64,
  "optimizer": "adam",
  "max_epochs": 130
}