{
  "n_layers": 1,
  "width_l1": 384,
  "activation": "relu",
  "dropout": 0.3762439315403687,
  "lr": 0.0011982807143207633,
  "weight_decay": 7.609559880748444e-08,
  "batch_size": 64,
  "optimizer": "adam",
  "max_epochs": 84
}