{
  "n_layers": 2,
  "width_l1": 64,
  "width_l2": 192,
  "activation": "silu",
  "dropout": 0.14561457009902096,
  "lr": 0.0003278187653397617,
  "weight_decay": 6.870101665590006e-08,
  "batch_size": 512,
  "optimizer": "adamw",
  "max_epochs": 181
}