{
  "n_layers": 4,
  "width_l1": 192,
  "width_l2": 96,
  "width_l3": 192,
  "width_l4": 384,
  "activation": "tanh",
  "dropout": 0.48862071546129354,
  "lr": 0.00023960487299666837,
  "weight_decay": 3.225841764543918e-08,
  "batch_size": 128,
  "optimizer": "adamw",
  "max_epochs": 194
}