{
  "n_layers": 4,
  "width_l1": 64,
  "width_l2": 512,
  "width_l3": 384,
  "width_l4": 64,
  "activation": "gelu",
  "dropout": 0.11063610036379316,
  "lr": 0.0008616375744486008,
  "weight_decay": 5.358955605552678e-07,
  "batch_size": 128,
  "optimizer": "adamw",
  "max_epochs": 221
}