{
  "n_layers": 4,
  "width_l1": 192,
  "width_l2": 384,
  "width_l3": 256,
  "width_l4": 192,
  "activation": "relu",
  "dropout": 0.04076710614296966,
  "lr": 0.0015561500735812729,
  "weight_decay": 1.1862573044770239e-06,
  "batch_size": 256,
  "optimizer": "adam",
  "max_epochs": 238
}