{
  "n_layers": 4,
  "width_l1": 64,
  "width_l2": 192,
  "width_l3": 512,
  "width_l4": 384,
  "activation": "relu",
  "dropout": 0.0031888406694455277,
  "lr": 0.0029225247629986973,
  "weight_decay": 1.6390240411552319e-06,
  "batch_size": 64,
  "optimizer": "adamw",
  "max_epochs": 126
}