{
  "n_layers": 1,
  "width_l1": 256,
  "activation": "gelu",
  "dropout": 0.2475884550556351,
  "lr": 1.216702881459345e-05,
  "weight_decay": 0.0028570800750407216,
  "batch_size": 128,
  "optimizer": "adam",
  "max_epochs": 245
}