{
  "n_layers": 4,
  "width_l1": 96,
  "width_l2": 384,
  "width_l3": 384,
  "width_l4": 64,
  "activation": "gelu",
  "dropout": 0.004314415631951139,
  "lr": 0.0021428961760157645,
  "weight_decay": 6.889499248090745e-08,
  "batch_size": 64,
  "optimizer": "adam",
  "max_epochs": 224
}