{
  "n_layers": 1,
  "width_l1": 512,
  "activation": "relu",
  "dropout": 0.05576845714824472,
  "lr": 0.0017461908568397002,
  "weight_decay": 1.7273944145744986e-05,
  "batch_size": 64,
  "optimizer": "adamw",
  "max_epochs": 180
}