{
  "n_layers": 2,
  "width_l1": 192,
  "width_l2": 96,
  "activation": "tanh",
  "dropout": 0.17465836597183534,
  "lr": 0.0011285810730822924,
  "weight_decay": 0.005212850896976305,
  "batch_size": 128,
  "optimizer": "adamw",
  "max_epochs": 226
}