{
  "n_layers": 1,
  "width_l1": 192,
  "activation": "relu",
  "dropout": 0.2640181903458924,
  "lr": 0.0008572786948030283,
  "weight_decay": 3.3359770916829795e-07,
  "batch_size": 128,
  "optimizer": "adam",
  "max_epochs": 114
}