{
  "n_layers": 3,
  "width_l1": 128,
  "width_l2": 192,
  "width_l3": 512,
  "activation": "gelu",
  "dropout": 0.3483685826820753,
  "lr": 0.0003613829791328161,
  "weight_decay": 0.0018400604093141224,
  "batch_size": 128,
  "optimizer": "adamw",
  "max_epochs": 249
}