{
  "n_layers": 3,
  "width_l1": 192,
  "width_l2": 384,
  "width_l3": 128,
  "activation": "relu",
  "dropout": 0.10522290995250624,
  "lr": 0.0007797789445471774,
  "weight_decay": 3.082251480467117e-07,
  "batch_size": 64,
  "optimizer": "adamw",
  "max_epochs": 249
}