{
  "n_layers": 3,
  "width_l1": 256,
  "width_l2": 384,
  "width_l3": 384,
  "activation": "relu",
  "dropout": 0.05612754923605755,
  "lr": 0.00020134318123243722,
  "weight_decay": 9.467578108507623e-08,
  "batch_size": 128,
  "optimizer": "adamw",
  "max_epochs": 197
}