{
  "n_layers": 3,
  "width_l1": 512,
  "width_l2": 384,
  "width_l3": 64,
  "activation": "gelu",
  "dropout": 0.3692615280716734,
  "lr": 0.00028498520448912715,
  "weight_decay": 6.7576423970670366e-06,
  "batch_size": 256,
  "optimizer": "adam",
  "max_epochs": 131
}