{
  "n_layers": 1,
  "width_l1": 512,
  "activation": "gelu",
  "dropout": 0.06681186172389753,
  "lr": 0.0016989951578234158,
  "weight_decay": 5.39257684183699e-05,
  "batch_size": 64,
  "optimizer": "adam",
  "max_epochs": 188
}